line,brigade,lon,lat,time
35,8,21.0064697,52.2381325,2017-06-14 21:19:44
15,12,20.9587135,52.2808609,2017-10-02 23:59:56
24,12,21.118848800000002,52.2382278,2017-10-02 23:59:53
35,8,20.9376831,52.2758064,2017-10-02 23:59:55
24,017,20.932872800000002,52.2691765,2017-10-02 23:59:53
18,2,21.004875199999997,52.2407227,2017-10-02 19:27:37
22,016,20.9286156,52.2996635,2017-10-02 23:59:53
6,3,20.9306488,52.299747499999995,2017-10-02 18:49:49
18,3,21.0011616,52.188018799999995,2017-10-02 10:19:12
33,020,20.9306755,52.2793732,2017-10-02 23:59:52
33,10,21.0075817,52.2075157,2017-10-02 08:51:35
33,12,20.9996719,52.1876183,2017-09-05 23:30:07
9,12,20.943727499999998,52.1758347,2017-10-02 23:59:52
24,2,21.0240479,52.2325096,2017-10-02 23:59:33
7,10,21.053772,52.256092100000004,2017-10-02 15:56:44
26,3,20.977953,52.236145,2017-10-02 23:59:52
9,020,21.0713158,52.242107399999995,2017-10-02 23:59:51
9,019,21.1188145,52.2381821,2017-10-02 23:59:53
10,023,20.968254100000003,52.2336044,2017-10-02 23:59:53
15,4,20.9707241,52.204361,2017-10-02 23:59:56
15,015,20.984794600000004,52.219020799999996,2017-10-02 09:29:06
4,12,21.0120354,52.188888500000004,2017-10-02 23:59:55
4,8,21.0178738,52.3056641,2017-06-01 17:19:00
15,014,21.001205399999996,52.187767,2017-09-29 17:48:35
9,014,20.9440517,52.1763077,2017-10-02 23:59:54
9,017,21.051466,52.238143900000004,2017-10-02 23:59:53
9,015,20.980733899999997,52.2159615,2017-10-02 23:59:52
23,4,21.033298499999997,52.25641629999999,2017-10-02 12:32:59
22,4,20.985096,52.22074129999999,2017-08-16 22:42:14
18,9,21.0277767,52.278141,2017-08-17 08:40:49
9,34,21.012105899999998,52.22997279999999,2017-10-02 23:59:55
25,10,21.0557709,52.2570419,2017-10-02 19:25:40
15,2,21.021245999999998,52.21418,2017-10-02 23:59:55
4,14,21.0083008,52.235527000000005,2017-10-02 23:59:51
35,1,21.0160561,52.223011,2017-10-02 23:59:54
24,7,21.012311899999997,52.230033899999995,2017-10-02 23:59:52
1,11,20.9784889,52.264389,2017-10-02 23:59:53
24,11,21.0827408,52.244518299999996,2017-10-02 23:58:39
26,6,21.0659122,52.2464066,2017-10-02 23:59:52
9,32,20.9962139,52.2265625,2017-10-02 23:59:54
9,33,21.084816,52.2446213,2017-10-02 23:59:52
7,6,21.0035782,52.1887016,2017-10-02 23:59:55
9,37,20.943763699999998,52.176101700000004,2017-10-02 23:59:52
26,2,20.9447708,52.295929,2017-10-02 23:59:37
26,1,20.917940100000003,52.2554741,2017-10-02 23:59:56
10,7,21.024602899999998,52.189167,2017-10-02 23:59:54
35,11,20.9247627,52.2602272,2017-10-02 23:59:55
9,31,20.958455999999998,52.1905365,2017-10-02 23:59:51
9,36,20.963165300000004,52.195865600000005,2017-10-02 23:59:53
35,13,20.9798679,52.262065899999996,2017-10-02 23:59:54
15,8,21.024078399999997,52.197196999999996,2017-10-02 23:59:56
25,4,21.0168133,52.230911299999995,2017-10-02 18:19:08
17,6,20.9588661,52.3105354,2017-10-02 19:30:33
35,3,21.0160236,52.1679993,2017-10-02 23:59:52
2,3,20.9298496,52.2930756,2017-10-02 23:59:53
2,5,20.941795300000003,52.3341484,2017-10-02 23:59:53
11,1,20.973829300000002,52.2351646,2017-10-02 23:59:54
10,13,20.905269600000004,52.238990799999996,2017-10-02 23:59:50
11,2,20.9724464,52.232769,2017-10-02 08:33:33
20,2,20.970394100000004,52.241394,2017-10-02 23:59:56
35,8,21.0064697,52.2381325,2017-06-14 21:19:44
15,12,20.9580402,52.2815742,2017-10-03 00:00:05
24,12,21.118848800000002,52.2382278,2017-10-03 00:00:03
35,8,20.936573000000003,52.27662279999999,2017-10-03 00:00:06
24,017,20.932958600000003,52.269336700000004,2017-10-03 00:00:03
18,2,21.004875199999997,52.2407227,2017-10-02 19:27:37
22,016,20.9286156,52.2996635,2017-10-03 00:00:03
6,3,20.9306488,52.299747499999995,2017-10-02 18:49:49
18,3,21.0011616,52.188018799999995,2017-10-02 10:19:12
33,020,20.9301758,52.279556299999996,2017-10-03 00:00:02
33,10,21.0075817,52.2075157,2017-10-02 08:51:35
33,12,20.9996719,52.1876183,2017-09-05 23:30:07
9,12,20.943727499999998,52.1758347,2017-10-03 00:00:02
24,2,21.029685999999998,52.2336426,2017-10-03 00:00:05
7,10,21.053772,52.256092100000004,2017-10-02 15:56:44
26,3,20.9762497,52.23572539999999,2017-10-03 00:00:02
9,020,21.0718899,52.242221799999996,2017-10-03 00:00:02
9,019,21.1188164,52.238170600000004,2017-10-03 00:00:03
10,023,20.9684219,52.233074200000004,2017-10-03 00:00:02
15,4,20.9707241,52.204361,2017-10-02 23:59:56
15,015,20.984794600000004,52.219020799999996,2017-10-02 09:29:06
4,12,21.0118542,52.188888500000004,2017-10-03 00:00:06
4,8,21.0178738,52.3056641,2017-06-01 17:19:00
15,014,21.001205399999996,52.187767,2017-09-29 17:48:35
9,014,20.9440517,52.1763077,2017-10-03 00:00:04
9,017,21.0508785,52.2380219,2017-10-03 00:00:03
9,015,20.9799595,52.21508789999999,2017-10-03 00:00:04
23,4,21.033298499999997,52.25641629999999,2017-10-02 12:32:59
22,4,20.985096,52.22074129999999,2017-08-16 22:42:14
18,9,21.0277767,52.278141,2017-08-17 08:40:49
9,34,21.013851199999998,52.230331400000004,2017-10-03 00:00:05
25,10,21.0557709,52.2570419,2017-10-02 19:25:40
15,2,21.0212746,52.2140427,2017-10-03 00:00:01
4,14,21.0083008,52.235527000000005,2017-10-03 00:00:02
35,1,21.0160561,52.223011,2017-10-03 00:00:04
24,7,21.0123043,52.230033899999995,2017-10-03 00:00:02
1,11,20.9776516,52.2656364,2017-10-03 00:00:02
24,11,21.0827408,52.244518299999996,2017-10-02 23:58:39
26,6,21.064042999999998,52.246536299999995,2017-10-03 00:00:03
9,32,20.9962139,52.2265625,2017-10-03 00:00:05
9,33,21.084816,52.2446289,2017-10-03 00:00:02
7,6,21.0035782,52.1887016,2017-10-03 00:00:05
9,37,20.943763699999998,52.176101700000004,2017-10-03 00:00:03
26,2,20.943119,52.29769520000001,2017-10-02 23:59:58
26,1,20.918438000000002,52.255882299999996,2017-10-03 00:00:01
10,7,21.0245914,52.189445500000005,2017-10-03 00:00:04
35,11,20.9247627,52.2602272,2017-10-03 00:00:06
9,31,20.9584255,52.1904984,2017-10-03 00:00:02
9,36,20.964170499999998,52.1969719,2017-10-03 00:00:03
35,13,20.978700600000003,52.262386299999996,2017-10-03 00:00:06
15,8,21.0241184,52.1965675,2017-10-03 00:00:06
25,4,21.0168133,52.230911299999995,2017-10-02 18:19:08
17,6,20.9588661,52.3105354,2017-10-02 19:30:33
35,3,21.0160236,52.1679993,2017-10-03 00:00:02
2,3,20.9295006,52.292789500000005,2017-10-03 00:00:03
2,5,20.941795300000003,52.3341408,2017-10-03 00:00:03
11,1,20.9738102,52.2351456,2017-10-03 00:00:01
10,13,20.9075928,52.23883060000001,2017-10-03 00:00:05
11,2,20.9724464,52.232769,2017-10-02 08:33:33
20,2,20.970523800000002,52.2410622,2017-10-03 00:00:05
35,8,21.0064697,52.2381325,2017-06-14 21:19:44
15,12,20.9570065,52.2826614,2017-10-03 00:00:16
24,12,21.118848800000002,52.2382278,2017-10-03 00:00:14
35,8,20.9353161,52.2775459,2017-10-03 00:00:16
24,017,20.9332085,52.2698059,2017-10-03 00:00:14
18,2,21.004875199999997,52.2407227,2017-10-02 19:27:37
22,016,20.9286156,52.2996635,2017-10-03 00:00:14
6,3,20.9306488,52.299747499999995,2017-10-02 18:49:49
18,3,21.0011616,52.188018799999995,2017-10-02 10:19:12
33,020,20.9291515,52.2799301,2017-10-03 00:00:13
33,10,21.0075817,52.2075157,2017-10-02 08:51:35
33,12,20.9996719,52.1876183,2017-09-05 23:30:07
9,12,20.943727499999998,52.1758347,2017-10-03 00:00:13
24,2,21.031103100000003,52.2339287,2017-10-03 00:00:15
7,10,21.053772,52.256092100000004,2017-10-02 15:56:44
26,3,20.9751358,52.235454600000004,2017-10-03 00:00:15
9,020,21.0723171,52.2423096,2017-10-03 00:00:12
9,019,21.1188202,52.2381516,2017-10-03 00:00:13
10,023,20.968627899999998,52.232459999999996,2017-10-03 00:00:13
15,4,20.9718056,52.2056046,2017-10-03 00:00:16
15,015,20.984794600000004,52.219020799999996,2017-10-02 09:29:06
4,12,21.0104103,52.1888618,2017-10-03 00:00:16
4,8,21.0178738,52.3056641,2017-06-01 17:19:00
15,014,21.001205399999996,52.187767,2017-09-29 17:48:35
9,014,20.9440517,52.1763077,2017-10-03 00:00:15
9,017,21.050241500000002,52.2378731,2017-10-03 00:00:13
9,015,20.9799595,52.21508789999999,2017-10-03 00:00:04
23,4,21.033298499999997,52.25641629999999,2017-10-02 12:32:59
22,4,20.985096,52.22074129999999,2017-08-16 22:42:14
18,9,21.0277767,52.278141,2017-08-17 08:40:49
9,34,21.0155563,52.2307091,2017-10-03 00:00:15
25,10,21.0557709,52.2570419,2017-10-02 19:25:40
15,2,21.021265,52.2141304,2017-10-03 00:00:17
4,14,21.0086098,52.2350082,2017-10-03 00:00:13
35,1,21.0156651,52.2234192,2017-10-03 00:00:15
24,7,21.0123043,52.230033899999995,2017-10-03 00:00:13
1,11,20.977376899999996,52.2660446,2017-10-03 00:00:14
24,11,21.0827408,52.244518299999996,2017-10-02 23:58:39
26,6,21.063753100000003,52.2465553,2017-10-03 00:00:08
9,32,20.9952793,52.226360299999996,2017-10-03 00:00:15
9,33,21.084816,52.2446289,2017-10-03 00:00:12
7,6,21.0035782,52.1887016,2017-10-03 00:00:10
9,37,20.943763699999998,52.176101700000004,2017-10-03 00:00:13
26,2,20.943119,52.29769520000001,2017-10-02 23:59:58
26,1,20.9191093,52.2564354,2017-10-03 00:00:13
10,7,21.0245876,52.18949129999999,2017-10-03 00:00:14
35,11,20.9247627,52.2602272,2017-10-03 00:00:11
9,31,20.9584255,52.1904984,2017-10-03 00:00:02
9,36,20.964588199999998,52.1974487,2017-10-03 00:00:13
35,13,20.9777985,52.2626343,2017-10-03 00:00:15
15,8,21.0241184,52.1965675,2017-10-03 00:00:16
25,4,21.0168133,52.230911299999995,2017-10-02 18:19:08
17,6,20.9588661,52.3105354,2017-10-02 19:30:33
35,3,21.0155525,52.167800899999996,2017-10-03 00:00:15
2,3,20.9290657,52.2924423,2017-10-03 00:00:13
2,5,20.9417973,52.3341408,2017-10-03 00:00:13
11,1,20.973060600000004,52.2349625,2017-10-03 00:00:16
10,13,20.9097061,52.2388725,2017-10-03 00:00:15
11,2,20.9724464,52.232769,2017-10-02 08:33:33
20,2,20.970533399999997,52.2410278,2017-10-03 00:00:16
35,8,21.0064697,52.2381325,2017-06-14 21:19:44
15,12,20.9561577,52.2835541,2017-10-03 00:00:26
24,12,21.118848800000002,52.2382278,2017-10-03 00:00:24
35,8,20.9340935,52.278133399999994,2017-10-03 00:00:26
24,017,20.933691,52.27071,2017-10-03 00:00:24
18,2,21.004875199999997,52.2407227,2017-10-02 19:27:37
22,016,20.9286156,52.2996635,2017-10-03 00:00:24
6,3,20.9306488,52.299747499999995,2017-10-02 18:49:49
18,3,21.0011616,52.188018799999995,2017-10-02 10:19:12
33,020,20.928482100000004,52.2801666,2017-10-03 00:00:23
33,10,21.0075817,52.2075157,2017-10-02 08:51:35
33,12,20.9996719,52.1876183,2017-09-05 23:30:07
9,12,20.943727499999998,52.1758347,2017-10-03 00:00:28
24,2,21.031763100000003,52.234058399999995,2017-10-03 00:00:20
7,10,21.053772,52.256092100000004,2017-10-02 15:56:44
26,3,20.974369,52.2352753,2017-10-03 00:00:25
9,020,21.0725422,52.24235529999999,2017-10-03 00:00:28
9,019,21.118822100000003,52.238143900000004,2017-10-03 00:00:23
10,023,20.9687996,52.2319336,2017-10-03 00:00:23
15,4,20.9718056,52.2056046,2017-10-03 00:00:26
15,015,20.984794600000004,52.219020799999996,2017-10-02 09:29:06
4,12,21.008562100000002,52.1888466,2017-10-03 00:00:27
4,8,21.0178738,52.3056641,2017-06-01 17:19:00
15,014,21.001205399999996,52.187767,2017-09-29 17:48:35
9,014,20.9440517,52.1763077,2017-10-03 00:00:25
9,017,21.0501671,52.237854,2017-10-03 00:00:24
9,015,20.9799595,52.21508789999999,2017-10-03 00:00:04
23,4,21.033298499999997,52.25641629999999,2017-10-02 12:32:59
22,4,20.985096,52.22074129999999,2017-08-16 22:42:14
18,9,21.0277767,52.278141,2017-08-17 08:40:49
9,34,21.015871,52.2307777,2017-10-03 00:00:25
25,10,21.0557709,52.2570419,2017-10-02 19:25:40
15,2,21.021265,52.2141304,2017-10-03 00:00:27
4,14,21.0089874,52.234378799999995,2017-10-03 00:00:18
35,1,21.0152264,52.2240829,2017-10-03 00:00:25
24,7,21.0123043,52.230033899999995,2017-10-03 00:00:23
1,11,20.977066,52.2665138,2017-10-03 00:00:27
24,11,21.0827408,52.244518299999996,2017-10-02 23:58:39
26,6,21.063753100000003,52.2465553,2017-10-03 00:00:08
9,32,20.994035699999998,52.226093299999995,2017-10-03 00:00:26
9,33,21.084817899999997,52.244632700000004,2017-10-03 00:00:27
7,6,21.0035782,52.1887016,2017-10-03 00:00:26
9,37,20.943763699999998,52.176101700000004,2017-10-03 00:00:23
26,2,20.9424477,52.2984009,2017-10-03 00:00:19
26,1,20.919714000000003,52.2569199,2017-10-03 00:00:28
10,7,21.0242729,52.1898155,2017-10-03 00:00:26
35,11,20.9247627,52.2602272,2017-10-03 00:00:27
9,31,20.9584255,52.1904984,2017-10-03 00:00:02
9,36,20.9646091,52.197464000000004,2017-10-03 00:00:28
35,13,20.9777889,52.2626419,2017-10-03 00:00:25
15,8,21.0241547,52.19603729999999,2017-10-03 00:00:27
25,4,21.0168133,52.230911299999995,2017-10-02 18:19:08
17,6,20.9588661,52.3105354,2017-10-02 19:30:33
35,3,21.015871,52.1674843,2017-10-03 00:00:27
2,3,20.928733800000003,52.29219439999999,2017-10-03 00:00:28
2,5,20.9417992,52.3341331,2017-10-03 00:00:24
11,1,20.9726124,52.234844200000005,2017-10-03 00:00:26
10,13,20.910738000000002,52.2389221,2017-10-03 00:00:25
11,2,20.9724464,52.232769,2017-10-02 08:33:33
20,2,20.9707088,52.2405548,2017-10-03 00:00:26
35,8,21.0064697,52.2381325,2017-06-14 21:19:44
15,12,20.956018399999998,52.2837029,2017-10-03 00:00:36
24,12,21.118848800000002,52.2382278,2017-10-03 00:00:40
35,8,20.9335079,52.2783508,2017-10-03 00:00:37
24,017,20.933849300000002,52.2710152,2017-10-03 00:00:40
18,2,21.004875199999997,52.2407227,2017-10-02 19:27:37
22,016,20.9286156,52.2996635,2017-10-03 00:00:40
6,3,20.9306488,52.299747499999995,2017-10-02 18:49:49
18,3,21.0011616,52.188018799999995,2017-10-02 10:19:12
33,020,20.9275627,52.2804375,2017-10-03 00:00:38
33,10,21.0075817,52.2075157,2017-10-02 08:51:35
33,12,20.9996719,52.1876183,2017-09-05 23:30:07
9,12,20.943727499999998,52.1758347,2017-10-03 00:00:39
24,2,21.033676100000005,52.2344398,2017-10-03 00:00:36
7,10,21.053772,52.256092100000004,2017-10-02 15:56:44
26,3,20.973524100000002,52.2350693,2017-10-03 00:00:40
9,020,21.0740585,52.2426643,2017-10-03 00:00:39
9,019,21.118824,52.238136299999994,2017-10-03 00:00:38
10,023,20.968811,52.2318764,2017-10-03 00:00:39
15,4,20.9718056,52.2056046,2017-10-03 00:00:37
15,015,20.984794600000004,52.219020799999996,2017-10-02 09:29:06
4,12,21.0076828,52.188839,2017-10-03 00:00:37
4,8,21.0178738,52.3056641,2017-06-01 17:19:00
15,014,21.001205399999996,52.187767,2017-09-29 17:48:35
9,014,20.9440517,52.1763077,2017-10-03 00:00:36
9,017,21.049314499999998,52.2376328,2017-10-03 00:00:39
9,015,20.9792614,52.214260100000004,2017-10-03 00:00:39
23,4,21.033298499999997,52.25641629999999,2017-10-02 12:32:59
22,4,20.985096,52.22074129999999,2017-08-16 22:42:14
18,9,21.0277767,52.278141,2017-08-17 08:40:49
9,34,21.015859600000002,52.2308273,2017-10-03 00:00:40
25,10,21.0557709,52.2570419,2017-10-02 19:25:40
15,2,21.021387100000002,52.213661200000004,2017-10-03 00:00:37
4,14,21.0104523,52.2319412,2017-10-03 00:00:38
35,1,21.014913600000003,52.2246094,2017-10-03 00:00:36
24,7,21.0123043,52.230033899999995,2017-10-03 00:00:28
1,11,20.976205800000002,52.2677994,2017-10-03 00:00:38
24,11,21.0827408,52.244518299999996,2017-10-02 23:58:39
26,6,21.063753100000003,52.2465553,2017-10-03 00:00:08
9,32,20.992658600000002,52.2257996,2017-10-03 00:00:36
9,33,21.0848236,52.2446556,2017-10-03 00:00:37
7,6,21.0033875,52.188804600000005,2017-10-03 00:00:37
9,37,20.943763699999998,52.176101700000004,2017-10-03 00:00:39
26,2,20.9424477,52.2984009,2017-10-03 00:00:19
26,1,20.919714000000003,52.2569199,2017-10-03 00:00:38
10,7,21.023294399999997,52.189800299999995,2017-10-03 00:00:39
35,11,20.9247627,52.2602272,2017-10-03 00:00:37
9,31,20.9584255,52.1904984,2017-10-03 00:00:02
9,36,20.9651833,52.1981239,2017-10-03 00:00:38
35,13,20.977289199999998,52.2627716,2017-10-03 00:00:36
15,8,21.0242329,52.194747899999996,2017-10-03 00:00:37
25,4,21.0168133,52.230911299999995,2017-10-02 18:19:08
17,6,20.9588661,52.3105354,2017-10-02 19:30:33
35,3,21.0163612,52.1677017,2017-10-03 00:00:37
2,3,20.928693799999998,52.2917099,2017-10-03 00:00:38
2,5,20.9418068,52.3341331,2017-10-03 00:00:39
11,1,20.971941,52.234684,2017-10-03 00:00:36
10,13,20.911735500000002,52.2389755,2017-10-03 00:00:40
11,2,20.9724464,52.232769,2017-10-02 08:33:33
20,2,20.9709549,52.2399254,2017-10-03 00:00:36
35,8,21.0064697,52.2381325,2017-06-14 21:19:44
15,12,20.9554615,52.2842941,2017-10-03 00:00:46
24,12,21.118848800000002,52.2382278,2017-10-03 00:00:50
35,8,20.9334221,52.278377500000005,2017-10-03 00:00:47
24,017,20.933868399999998,52.2710419,2017-10-03 00:00:45
18,2,21.004875199999997,52.2407227,2017-10-02 19:27:37
22,016,20.9286156,52.2996635,2017-10-03 00:00:45
6,3,20.9306488,52.299747499999995,2017-10-02 18:49:49
18,3,21.0011616,52.188018799999995,2017-10-02 10:19:12
33,020,20.925943399999998,52.2808952,2017-10-03 00:00:48
33,10,21.0075817,52.2075157,2017-10-02 08:51:35
33,12,20.9996719,52.1876183,2017-09-05 23:30:07
9,12,20.943727499999998,52.1758347,2017-10-03 00:00:49
24,2,21.0348988,52.234684,2017-10-03 00:00:47
7,10,21.053772,52.256092100000004,2017-10-02 15:56:44
26,3,20.973524100000002,52.2350693,2017-10-03 00:00:50
9,020,21.075874300000002,52.2430382,2017-10-03 00:00:49
9,019,21.118824,52.238136299999994,2017-10-03 00:00:48
10,023,20.968811,52.2318764,2017-10-03 00:00:50
15,4,20.9718056,52.2056046,2017-10-03 00:00:47
15,015,20.984794600000004,52.219020799999996,2017-10-02 09:29:06
4,12,21.0076828,52.188839,2017-10-03 00:00:47
4,8,21.0178738,52.3056641,2017-06-01 17:19:00
15,014,21.001205399999996,52.187767,2017-09-29 17:48:35
9,014,20.9440517,52.1763077,2017-10-03 00:00:46
9,017,21.047525399999998,52.237255100000006,2017-10-03 00:00:50
9,015,20.978551899999996,52.2134781,2017-10-03 00:00:50
23,4,21.033298499999997,52.25641629999999,2017-10-02 12:32:59
22,4,20.985096,52.22074129999999,2017-08-16 22:42:14
18,9,21.0277767,52.278141,2017-08-17 08:40:49
9,34,21.0158558,52.230819700000005,2017-10-03 00:00:50
25,10,21.0557709,52.2570419,2017-10-02 19:25:40
15,2,21.0209522,52.212722799999995,2017-10-03 00:00:48
4,14,21.011136999999998,52.2307968,2017-10-03 00:00:49
35,1,21.014673199999997,52.225009899999996,2017-10-03 00:00:46
24,7,21.0123043,52.230033899999995,2017-10-03 00:00:49
1,11,20.9753628,52.2690659,2017-10-03 00:00:48
24,11,21.070545199999998,52.242076899999994,2017-10-03 00:00:49
26,6,21.063753100000003,52.2465553,2017-10-03 00:00:08
9,32,20.991291,52.2255096,2017-10-03 00:00:47
9,33,21.0848255,52.2446671,2017-10-03 00:00:47
7,6,21.0030842,52.1888084,2017-10-03 00:00:47
9,37,20.943763699999998,52.176101700000004,2017-10-03 00:00:50
26,2,20.9409351,52.3004379,2017-10-03 00:00:40
26,1,20.919714000000003,52.2569199,2017-10-03 00:00:48
10,7,21.0229607,52.1897774,2017-10-03 00:00:49
35,11,20.9247627,52.2602272,2017-10-03 00:00:48
9,31,20.9584255,52.1904984,2017-10-03 00:00:02
9,36,20.9662762,52.199363700000006,2017-10-03 00:00:48
35,13,20.975431399999998,52.2632713,2017-10-03 00:00:46
15,8,21.0242729,52.1939125,2017-10-03 00:00:48
25,4,21.0168133,52.230911299999995,2017-10-02 18:19:08
17,6,20.9588661,52.3105354,2017-10-02 19:30:33
35,3,21.0167599,52.167942,2017-10-03 00:00:47
2,3,20.928798699999998,52.2916641,2017-10-03 00:00:48
2,5,20.941810600000004,52.334129299999994,2017-10-03 00:00:49
11,1,20.9712009,52.23450089999999,2017-10-03 00:00:41
10,13,20.912138,52.239005999999996,2017-10-03 00:00:50
11,2,20.9724464,52.232769,2017-10-02 08:33:33
20,2,20.9711552,52.239391299999994,2017-10-03 00:00:46
35,8,21.0064697,52.2381325,2017-06-14 21:19:44
15,12,20.9554615,52.2842941,2017-10-03 00:00:46
24,12,21.118848800000002,52.2382278,2017-10-03 00:00:50
35,8,20.9334221,52.278377500000005,2017-10-03 00:00:47
24,017,20.933868399999998,52.2710419,2017-10-03 00:00:45
18,2,21.004875199999997,52.2407227,2017-10-02 19:27:37
22,016,20.9286156,52.2996635,2017-10-03 00:00:45
6,3,20.9306488,52.299747499999995,2017-10-02 18:49:49
18,3,21.0011616,52.188018799999995,2017-10-02 10:19:12
33,020,20.925943399999998,52.2808952,2017-10-03 00:00:48
33,10,21.0075817,52.2075157,2017-10-02 08:51:35
33,12,20.9996719,52.1876183,2017-09-05 23:30:07
9,12,20.943727499999998,52.1758347,2017-10-03 00:00:49
24,2,21.0348988,52.234684,2017-10-03 00:00:47
7,10,21.053772,52.256092100000004,2017-10-02 15:56:44
26,3,20.973524100000002,52.2350693,2017-10-03 00:00:50
9,020,21.075874300000002,52.2430382,2017-10-03 00:00:49
9,019,21.118824,52.238136299999994,2017-10-03 00:00:48
10,023,20.968811,52.2318764,2017-10-03 00:00:50
15,4,20.9718056,52.2056046,2017-10-03 00:00:47
15,015,20.984794600000004,52.219020799999996,2017-10-02 09:29:06
4,12,21.0076828,52.188839,2017-10-03 00:00:47
4,8,21.0178738,52.3056641,2017-06-01 17:19:00
15,014,21.001205399999996,52.187767,2017-09-29 17:48:35
9,014,20.9440517,52.1763077,2017-10-03 00:00:46
9,017,21.047525399999998,52.237255100000006,2017-10-03 00:00:50
9,015,20.978551899999996,52.2134781,2017-10-03 00:00:50
23,4,21.033298499999997,52.25641629999999,2017-10-02 12:32:59
22,4,20.985096,52.22074129999999,2017-08-16 22:42:14
18,9,21.0277767,52.278141,2017-08-17 08:40:49
9,34,21.0158558,52.230819700000005,2017-10-03 00:00:50
25,10,21.0557709,52.2570419,2017-10-02 19:25:40
15,2,21.0209522,52.212722799999995,2017-10-03 00:00:48
4,14,21.011136999999998,52.2307968,2017-10-03 00:00:49
35,1,21.014673199999997,52.225009899999996,2017-10-03 00:00:46
24,7,21.0123043,52.230033899999995,2017-10-03 00:00:49
1,11,20.9753628,52.2690659,2017-10-03 00:00:48
24,11,21.070545199999998,52.242076899999994,2017-10-03 00:00:49
26,6,21.063753100000003,52.2465553,2017-10-03 00:00:08
9,32,20.991291,52.2255096,2017-10-03 00:00:47
9,33,21.0848255,52.2446671,2017-10-03 00:00:47
7,6,21.0030842,52.1888084,2017-10-03 00:00:47
9,37,20.943763699999998,52.176101700000004,2017-10-03 00:00:50
26,2,20.9409351,52.3004379,2017-10-03 00:00:40
26,1,20.919714000000003,52.2569199,2017-10-03 00:00:48
10,7,21.0229607,52.1897774,2017-10-03 00:00:49
35,11,20.9247627,52.2602272,2017-10-03 00:00:48
9,31,20.9584255,52.1904984,2017-10-03 00:00:02
9,36,20.9662762,52.199363700000006,2017-10-03 00:00:48
35,13,20.975431399999998,52.2632713,2017-10-03 00:00:46
15,8,21.0242729,52.1939125,2017-10-03 00:00:48
25,4,21.0168133,52.230911299999995,2017-10-02 18:19:08
17,6,20.9588661,52.3105354,2017-10-02 19:30:33
35,3,21.0167599,52.167942,2017-10-03 00:00:47
2,3,20.928798699999998,52.2916641,2017-10-03 00:00:48
2,5,20.941810600000004,52.334129299999994,2017-10-03 00:00:49
11,1,20.9712009,52.23450089999999,2017-10-03 00:00:41
10,13,20.912138,52.239005999999996,2017-10-03 00:00:50
11,2,20.9724464,52.232769,2017-10-02 08:33:33
20,2,20.9711552,52.239391299999994,2017-10-03 00:00:46
35,8,21.0064697,52.2381325,2017-06-14 21:19:44
15,12,20.9547062,52.2851448,2017-10-03 00:01:01
24,12,21.118848800000002,52.2382278,2017-10-03 00:01:01
35,8,20.933033,52.278530100000005,2017-10-03 00:00:58
24,017,20.934309,52.2718391,2017-10-03 00:00:56
18,2,21.004875199999997,52.2407227,2017-10-02 19:27:37
22,016,20.9286156,52.2996635,2017-10-03 00:01:01
6,3,20.9306488,52.299747499999995,2017-10-02 18:49:49
18,3,21.0011616,52.188018799999995,2017-10-02 10:19:12
33,020,20.924732199999998,52.2811966,2017-10-03 00:01:02
33,10,21.0075817,52.2075157,2017-10-02 08:51:35
33,12,20.9996719,52.1876183,2017-09-05 23:30:07
9,12,20.943727499999998,52.1758347,2017-10-03 00:01:00
24,2,21.0368252,52.235080700000005,2017-10-03 00:01:02
7,10,21.053772,52.256092100000004,2017-10-02 15:56:44
26,3,20.973524100000002,52.2350693,2017-10-03 00:01:00
9,020,21.077629100000003,52.2433968,2017-10-03 00:01:00
9,019,21.118824,52.2381325,2017-10-03 00:00:58
10,023,20.9688358,52.231807700000005,2017-10-03 00:01:00
15,4,20.9718056,52.2056046,2017-10-03 00:00:58
15,015,20.984794600000004,52.219020799999996,2017-10-02 09:29:06
4,12,21.0076828,52.188839,2017-10-03 00:00:58
4,8,21.0178738,52.3056641,2017-06-01 17:19:00
15,014,21.001205399999996,52.187767,2017-09-29 17:48:35
9,014,20.9440517,52.1763077,2017-10-03 00:01:02
9,017,21.045536,52.236846899999996,2017-10-03 00:01:00
9,015,20.9777794,52.2126007,2017-10-03 00:01:00
23,4,21.033298499999997,52.25641629999999,2017-10-02 12:32:59
22,4,20.985096,52.22074129999999,2017-08-16 22:42:14
18,9,21.0277767,52.278141,2017-08-17 08:40:49
9,34,21.016197199999997,52.2308884,2017-10-03 00:01:01
25,10,21.0557709,52.2570419,2017-10-02 19:25:40
15,2,21.020500199999997,52.212001799999996,2017-10-03 00:00:58
4,14,21.0114918,52.2302094,2017-10-03 00:01:00
35,1,21.0141964,52.2257919,2017-10-03 00:00:56
24,7,21.0123043,52.230033899999995,2017-10-03 00:01:00
1,11,20.974510199999997,52.2703438,2017-10-03 00:00:59
24,11,21.0700665,52.2419739,2017-10-03 00:01:00
26,6,21.058616600000004,52.2468948,2017-10-03 00:01:01
9,32,20.9901066,52.2251549,2017-10-03 00:01:02
9,33,21.0848293,52.244670899999996,2017-10-03 00:00:57
7,6,21.0030842,52.1888084,2017-10-03 00:00:57
9,37,20.943763699999998,52.176101700000004,2017-10-03 00:01:00
26,2,20.9409351,52.3004379,2017-10-03 00:00:40
26,1,20.919714000000003,52.2569199,2017-10-03 00:00:59
10,7,21.0229645,52.1897736,2017-10-03 00:00:59
35,11,20.9247627,52.2602272,2017-10-03 00:00:58
9,31,20.9584255,52.1904984,2017-10-03 00:00:02
9,36,20.9673634,52.200588200000006,2017-10-03 00:00:59
35,13,20.9728069,52.2639923,2017-10-03 00:01:02
15,8,21.0242729,52.1938705,2017-10-03 00:00:58
25,4,21.0168133,52.230911299999995,2017-10-02 18:19:08
17,6,20.9588661,52.3105354,2017-10-02 19:30:33
35,3,21.0173855,52.168331099999996,2017-10-03 00:00:58
2,3,20.9288292,52.2916489,2017-10-03 00:00:58
2,5,20.9418125,52.334129299999994,2017-10-03 00:00:59
11,1,20.9690876,52.2340317,2017-10-03 00:01:01
10,13,20.9122009,52.2390099,2017-10-03 00:01:00
11,2,20.9724464,52.232769,2017-10-02 08:33:33
20,2,20.971372600000002,52.2388229,2017-10-03 00:01:01
35,8,21.0064697,52.2381325,2017-06-14 21:19:44
15,12,20.954311399999998,52.2857246,2017-10-03 00:01:11
24,12,21.118848800000002,52.2382278,2017-10-03 00:01:11
35,8,20.9328747,52.2785835,2017-10-03 00:01:04
24,017,20.9356556,52.2734528,2017-10-03 00:01:11
18,2,21.004875199999997,52.2407227,2017-10-02 19:27:37
22,016,20.9286156,52.2996635,2017-10-03 00:01:11
6,3,20.9306488,52.299747499999995,2017-10-02 18:49:49
18,3,21.0011616,52.188018799999995,2017-10-02 10:19:12
33,020,20.924736,52.2811966,2017-10-03 00:01:07
33,10,21.0075817,52.2075157,2017-10-02 08:51:35
33,12,20.9996719,52.1876183,2017-09-05 23:30:07
9,12,20.943727499999998,52.1758347,2017-10-03 00:01:10
24,2,21.037172299999998,52.235157,2017-10-03 00:01:08
7,10,21.053772,52.256092100000004,2017-10-02 15:56:44
26,3,20.973524100000002,52.2350693,2017-10-03 00:01:11
9,020,21.0785332,52.2435799,2017-10-03 00:01:10
9,019,21.118824,52.2381325,2017-10-03 00:01:08
10,023,20.969118100000003,52.23163220000001,2017-10-03 00:01:10
15,4,20.9719486,52.2057648,2017-10-03 00:01:08
15,015,20.984794600000004,52.219020799999996,2017-10-02 09:29:06
4,12,21.0076828,52.188839,2017-10-03 00:01:09
4,8,21.0178738,52.3056641,2017-06-01 17:19:00
15,014,21.001205399999996,52.187767,2017-09-29 17:48:35
9,014,20.9440517,52.1763077,2017-10-03 00:01:07
9,017,21.043674499999998,52.236469299999996,2017-10-03 00:01:10
9,015,20.9773674,52.212101000000004,2017-10-03 00:01:11
23,4,21.033298499999997,52.25641629999999,2017-10-02 12:32:59
22,4,20.985096,52.22074129999999,2017-08-16 22:42:14
18,9,21.0277767,52.278141,2017-08-17 08:40:49
9,34,21.0180378,52.231266,2017-10-03 00:01:10
25,10,21.0557709,52.2570419,2017-10-02 19:25:40
15,2,21.020477300000003,52.211963700000005,2017-10-03 00:01:09
4,14,21.0114956,52.2302055,2017-10-03 00:01:10
35,1,21.0140839,52.225971200000004,2017-10-03 00:01:12
24,7,21.0123043,52.230033899999995,2017-10-03 00:01:10
1,11,20.973983800000003,52.271122,2017-10-03 00:01:09
24,11,21.0682411,52.241596200000004,2017-10-03 00:01:10
26,6,21.057458899999997,52.2469711,2017-10-03 00:01:10
9,32,20.989812899999997,52.2250404,2017-10-03 00:01:08
9,33,21.0848293,52.244674700000004,2017-10-03 00:01:07
7,6,21.0028915,52.1888084,2017-10-03 00:01:08
9,37,20.943763699999998,52.176101700000004,2017-10-03 00:01:11
26,2,20.9405556,52.301445,2017-10-03 00:01:06
26,1,20.919876100000003,52.2570419,2017-10-03 00:01:10
10,7,21.022878600000002,52.1897621,2017-10-03 00:01:09
35,11,20.9247627,52.2602272,2017-10-03 00:01:08
9,31,20.9584255,52.1904984,2017-10-03 00:00:02
9,36,20.968401,52.2017708,2017-10-03 00:01:08
35,13,20.9722633,52.2641525,2017-10-03 00:01:07
15,8,21.0242729,52.1938362,2017-10-03 00:01:09
25,4,21.0168133,52.230911299999995,2017-10-02 18:19:08
17,6,20.9588661,52.3105354,2017-10-02 19:30:33
35,3,21.0177708,52.1686668,2017-10-03 00:01:07
2,3,20.9288578,52.2916374,2017-10-03 00:01:08
2,5,20.9418144,52.334129299999994,2017-10-03 00:01:09
11,1,20.9690819,52.2340126,2017-10-03 00:01:11
10,13,20.9122086,52.239017499999996,2017-10-03 00:01:10
11,2,20.9724464,52.232769,2017-10-02 08:33:33
20,2,20.9716911,52.2381058,2017-10-03 00:01:11
35,8,21.0064697,52.2381325,2017-06-14 21:19:44
15,12,20.9535828,52.2864799,2017-10-03 00:01:21
24,12,21.118848800000002,52.2382278,2017-10-03 00:01:22
35,8,20.9328556,52.2785912,2017-10-03 00:01:19
24,017,20.937198600000002,52.274505600000005,2017-10-03 00:01:22
18,2,21.004875199999997,52.2407227,2017-10-02 19:27:37
22,016,20.9286156,52.2996635,2017-10-03 00:01:22
6,3,20.9306488,52.299747499999995,2017-10-02 18:49:49
18,3,21.0011616,52.188018799999995,2017-10-02 10:19:12
33,020,20.9246635,52.2812119,2017-10-03 00:01:22
33,10,21.0075817,52.2075157,2017-10-02 08:51:35
33,12,20.9996719,52.1876183,2017-09-05 23:30:07
9,12,20.943727499999998,52.1758347,2017-10-03 00:01:21
24,2,21.0372066,52.2351646,2017-10-03 00:01:23
7,10,21.053772,52.256092100000004,2017-10-02 15:56:44
26,3,20.973524100000002,52.2350693,2017-10-03 00:01:22
9,020,21.0785408,52.2435799,2017-10-03 00:01:22
9,019,21.118827800000002,52.2381325,2017-10-03 00:01:23
10,023,20.969287899999998,52.2316093,2017-10-03 00:01:21
15,4,20.972797399999997,52.2067261,2017-10-03 00:01:19
15,015,20.984794600000004,52.219020799999996,2017-10-02 09:29:06
4,12,21.0076828,52.188839,2017-10-03 00:01:19
4,8,21.0178738,52.3056641,2017-06-01 17:19:00
15,014,21.001205399999996,52.187767,2017-09-29 17:48:35
9,014,20.9440517,52.1763077,2017-10-03 00:01:23
9,017,21.0417366,52.2360725,2017-10-03 00:01:20
9,015,20.976871499999998,52.2115669,2017-10-03 00:01:21
23,4,21.033298499999997,52.25641629999999,2017-10-02 12:32:59
22,4,20.985096,52.22074129999999,2017-08-16 22:42:14
18,9,21.0277767,52.278141,2017-08-17 08:40:49
9,34,21.0197372,52.2315979,2017-10-03 00:01:20
25,10,21.0557709,52.2570419,2017-10-02 19:25:40
15,2,21.020477300000003,52.211963700000005,2017-10-03 00:01:19
4,14,21.0114956,52.2302055,2017-10-03 00:01:20
35,1,21.0140839,52.225971200000004,2017-10-03 00:01:23
24,7,21.0123043,52.230033899999995,2017-10-03 00:01:21
1,11,20.9739628,52.2711601,2017-10-03 00:01:20
24,11,21.066253699999997,52.2411919,2017-10-03 00:01:21
26,6,21.0555096,52.2471123,2017-10-03 00:01:21
9,32,20.989755600000002,52.2250175,2017-10-03 00:01:23
9,33,21.0852604,52.244865399999995,2017-10-03 00:01:20
9,37,20.943763699999998,52.176101700000004,2017-10-03 00:01:21
26,2,20.9392605,52.3014946,2017-10-03 00:01:22
26,1,20.92103,52.2579651,2017-10-03 00:01:20
10,7,21.0222244,52.1896896,2017-10-03 00:01:19
35,11,20.9247627,52.2602272,2017-10-03 00:01:19
9,31,20.9584255,52.1904984,2017-10-03 00:00:02
9,36,20.9690361,52.2024803,2017-10-03 00:01:23
35,13,20.972139399999996,52.2641945,2017-10-03 00:01:23
15,8,21.0243282,52.192852,2017-10-03 00:01:19
25,4,21.0168133,52.230911299999995,2017-10-02 18:19:08
17,6,20.9588661,52.3105354,2017-10-02 19:30:33
35,3,21.0185604,52.1699867,2017-10-03 00:01:22
2,3,20.9292412,52.2914543,2017-10-03 00:01:24
2,5,20.9418201,52.334129299999994,2017-10-03 00:01:19
11,1,20.9690781,52.234024,2017-10-03 00:01:21
10,13,20.912202800000003,52.2390213,2017-10-03 00:01:20
11,2,20.9724464,52.232769,2017-10-02 08:33:33
20,2,20.971830399999998,52.2379074,2017-10-03 00:01:21
35,8,21.0064697,52.2381325,2017-06-14 21:19:44
15,12,20.9526978,52.2874184,2017-10-03 00:01:31
24,12,21.118848800000002,52.2382278,2017-10-03 00:01:32
35,8,20.9328556,52.2785912,2017-10-03 00:01:35
24,017,20.9379673,52.27503970000001,2017-10-03 00:01:32
18,2,21.004875199999997,52.2407227,2017-10-02 19:27:37
22,016,20.9286156,52.2996635,2017-10-03 00:01:33
6,3,20.9306488,52.299747499999995,2017-10-02 18:49:49
18,3,21.0011616,52.188018799999995,2017-10-02 10:19:12
33,020,20.923336,52.281536100000004,2017-10-03 00:01:33
33,10,21.0075817,52.2075157,2017-10-02 08:51:35
33,12,20.9996719,52.1876183,2017-09-05 23:30:07
9,12,20.943985,52.1757011,2017-10-03 00:01:31
24,2,21.0378742,52.2352982,2017-10-03 00:01:34
7,10,21.053772,52.256092100000004,2017-10-02 15:56:44
26,3,20.972948100000004,52.234935799999995,2017-10-03 00:01:32
9,020,21.0788918,52.2436523,2017-10-03 00:01:31
9,019,21.118824,52.238136299999994,2017-10-03 00:01:33
10,023,20.9693718,52.2316093,2017-10-03 00:01:31
15,4,20.9742432,52.2083778,2017-10-03 00:01:34
15,015,20.984794600000004,52.219020799999996,2017-10-02 09:29:06
4,12,21.0070267,52.1888237,2017-10-03 00:01:35
4,8,21.0178738,52.3056641,2017-06-01 17:19:00
15,014,21.001205399999996,52.187767,2017-09-29 17:48:35
9,014,20.9440517,52.1763077,2017-10-03 00:01:33
9,017,21.0397835,52.235675799999996,2017-10-03 00:01:31
9,015,20.976732300000002,52.2113914,2017-10-03 00:01:32
23,4,21.033298499999997,52.25641629999999,2017-10-02 12:32:59
22,4,20.985096,52.22074129999999,2017-08-16 22:42:14
18,9,21.0277767,52.278141,2017-08-17 08:40:49
9,34,21.020124399999997,52.23172,2017-10-03 00:01:35
25,10,21.0557709,52.2570419,2017-10-02 19:25:40
15,2,21.020477300000003,52.211963700000005,2017-10-03 00:01:30
4,14,21.0114956,52.2302055,2017-10-03 00:01:31
35,1,21.0140839,52.225971200000004,2017-10-03 00:01:33
24,7,21.0123043,52.230033899999995,2017-10-03 00:01:31
1,11,20.9738998,52.27125170000001,2017-10-03 00:01:30
24,11,21.064369199999998,52.240798999999996,2017-10-03 00:01:31
26,6,21.0536423,52.2472343,2017-10-03 00:01:31
9,32,20.989498100000002,52.2249184,2017-10-03 00:01:34
9,33,21.0850677,52.245273600000004,2017-10-03 00:01:32
9,37,20.943763699999998,52.176101700000004,2017-10-03 00:01:32
26,2,20.9392605,52.3014946,2017-10-03 00:01:22
26,1,20.922338500000002,52.2590256,2017-10-03 00:01:30
10,7,21.022081399999998,52.189662899999995,2017-10-03 00:01:34
35,11,20.9247627,52.2602272,2017-10-03 00:01:35
9,31,20.9584255,52.1904984,2017-10-03 00:00:02
9,36,20.9690361,52.2024765,2017-10-03 00:01:34
35,13,20.9715862,52.2643509,2017-10-03 00:01:33
15,8,21.0244331,52.1909332,2017-10-03 00:01:35
25,4,21.0168133,52.230911299999995,2017-10-02 18:19:08
17,6,20.9588661,52.3105354,2017-10-02 19:30:33
35,3,21.019109699999998,52.171405799999995,2017-10-03 00:01:32
2,3,20.929834399999997,52.2915955,2017-10-03 00:01:34
2,5,20.941825899999998,52.3341331,2017-10-03 00:01:33
11,1,20.969083800000003,52.2340012,2017-10-03 00:01:31
10,13,20.9121971,52.2390213,2017-10-03 00:01:30
11,2,20.9724464,52.232769,2017-10-02 08:33:33
20,2,20.9718533,52.237892200000005,2017-10-03 00:01:31
35,8,21.0064697,52.2381325,2017-06-14 21:19:44
15,12,20.9524174,52.2877159,2017-10-03 00:01:40
24,12,21.118848800000002,52.2382278,2017-10-03 00:01:43
35,8,20.9328556,52.2785912,2017-10-03 00:01:40
24,017,20.937973,52.27503970000001,2017-10-03 00:01:43
18,2,21.004875199999997,52.2407227,2017-10-02 19:27:37
22,016,20.9286156,52.2996635,2017-10-03 00:01:43
6,3,20.9306488,52.299747499999995,2017-10-02 18:49:49
18,3,21.0011616,52.188018799999995,2017-10-02 10:19:12
33,020,20.9215813,52.281963299999994,2017-10-03 00:01:43
33,10,21.0075817,52.2075157,2017-10-02 08:51:35
33,12,20.9996719,52.1876183,2017-09-05 23:30:07
9,12,20.9445,52.1758232,2017-10-03 00:01:42
24,2,21.0397835,52.235691100000004,2017-10-03 00:01:44
7,10,21.053772,52.256092100000004,2017-10-02 15:56:44
26,3,20.9722805,52.2347794,2017-10-03 00:01:42
9,020,21.080505399999996,52.2439842,2017-10-03 00:01:42
9,019,21.118824,52.238143900000004,2017-10-03 00:01:43
10,023,20.9697533,52.231666600000004,2017-10-03 00:01:42
15,4,20.9744396,52.208606700000004,2017-10-03 00:01:40
15,015,20.984794600000004,52.219020799999996,2017-10-02 09:29:06
4,12,21.0063171,52.1888084,2017-10-03 00:01:40
4,8,21.0178738,52.3056641,2017-06-01 17:19:00
15,014,21.001205399999996,52.187767,2017-09-29 17:48:35
9,014,20.9439754,52.176239,2017-10-03 00:01:44
9,017,21.038007699999998,52.2353096,2017-10-03 00:01:41
9,015,20.976732300000002,52.2113914,2017-10-03 00:01:42
23,4,21.033298499999997,52.25641629999999,2017-10-02 12:32:59
22,4,20.985096,52.22074129999999,2017-08-16 22:42:14
18,9,21.0277767,52.278141,2017-08-17 08:40:49
9,34,21.020628,52.2318306,2017-10-03 00:01:45
25,10,21.0557709,52.2570419,2017-10-02 19:25:40
15,2,21.020477300000003,52.211963700000005,2017-10-03 00:01:41
4,14,21.0114956,52.2302055,2017-10-03 00:01:42
35,1,21.0140839,52.225971200000004,2017-10-03 00:01:44
24,7,21.012075399999997,52.229980499999996,2017-10-03 00:01:42
1,11,20.9734802,52.271858200000004,2017-10-03 00:01:40
24,11,21.063005399999998,52.2405205,2017-10-03 00:01:41
26,6,21.0524979,52.247303,2017-10-03 00:01:42
9,32,20.9887753,52.2246208,2017-10-03 00:01:44
9,33,21.084402100000002,52.245315600000005,2017-10-03 00:01:42
9,37,20.9436836,52.1758804,2017-10-03 00:01:42
26,2,20.9371891,52.300399799999994,2017-10-03 00:01:43
26,1,20.9231243,52.2596588,2017-10-03 00:01:41
10,7,21.022083300000002,52.1896553,2017-10-03 00:01:44
35,11,20.9247627,52.2602272,2017-10-03 00:01:40
9,31,20.9584255,52.1904984,2017-10-03 00:00:02
9,36,20.9691944,52.2026634,2017-10-03 00:01:43
35,13,20.9701653,52.2647476,2017-10-03 00:01:44
15,8,21.024457899999998,52.1904984,2017-10-03 00:01:40
25,4,21.0168133,52.230911299999995,2017-10-02 18:19:08
17,6,20.9588661,52.3105354,2017-10-02 19:30:33
35,3,21.019569399999998,52.172660799999996,2017-10-03 00:01:42
2,3,20.9299831,52.2917023,2017-10-03 00:01:44
2,5,20.9418297,52.3341331,2017-10-03 00:01:43
11,1,20.969079999999998,52.2339973,2017-10-03 00:01:41
10,13,20.912191399999998,52.2390289,2017-10-03 00:01:40
11,2,20.9724464,52.232769,2017-10-02 08:33:33
20,2,20.971960100000004,52.2376289,2017-10-03 00:01:41
35,8,21.0064697,52.2381325,2017-06-14 21:19:44
15,12,20.95224,52.2879257,2017-10-03 00:01:52
24,12,21.118848800000002,52.2382278,2017-10-03 00:01:53
35,8,20.932586699999998,52.278682700000005,2017-10-03 00:01:52
24,017,20.937973,52.27503970000001,2017-10-03 00:01:53
18,2,21.004875199999997,52.2407227,2017-10-02 19:27:37
22,016,20.9286156,52.2996635,2017-10-03 00:01:53
6,3,20.9306488,52.299747499999995,2017-10-02 18:49:49
18,3,21.0011616,52.188018799999995,2017-10-02 10:19:12
33,020,20.920496,52.2822227,2017-10-03 00:01:53
33,10,21.0075817,52.2075157,2017-10-02 08:51:35
33,12,20.9996719,52.1876183,2017-09-05 23:30:07
9,12,20.9446163,52.1763573,2017-10-03 00:01:52
24,2,21.0416164,52.2360611,2017-10-03 00:01:55
7,10,21.053772,52.256092100000004,2017-10-02 15:56:44
26,3,20.9715252,52.2345924,2017-10-03 00:01:53
9,020,21.082260100000003,52.2443352,2017-10-03 00:01:52
9,019,21.1188202,52.2381477,2017-10-03 00:01:53
10,023,20.9698372,52.2316742,2017-10-03 00:01:53
15,4,20.9744415,52.208606700000004,2017-10-03 00:01:50
15,015,20.984794600000004,52.219020799999996,2017-10-02 09:29:06
4,12,21.0046482,52.1888084,2017-10-03 00:01:56
4,8,21.0178738,52.3056641,2017-06-01 17:19:00
15,014,21.001205399999996,52.187767,2017-09-29 17:48:35
9,014,20.943821,52.176101700000004,2017-10-03 00:01:54
9,017,21.0366898,52.2350388,2017-10-03 00:01:51
9,015,20.9767303,52.2113838,2017-10-03 00:01:53
23,4,21.033298499999997,52.25641629999999,2017-10-02 12:32:59
22,4,20.985096,52.22074129999999,2017-08-16 22:42:14
18,9,21.0277767,52.278141,2017-08-17 08:40:49
9,34,21.0225925,52.2322159,2017-10-03 00:01:55
25,10,21.0557709,52.2570419,2017-10-02 19:25:40
15,2,21.020477300000003,52.211963700000005,2017-10-03 00:01:51
4,14,21.0114956,52.2302055,2017-10-03 00:01:52
35,1,21.0140839,52.225971200000004,2017-10-03 00:01:54
24,7,21.0113544,52.2298241,2017-10-03 00:01:52
1,11,20.9729671,52.2720108,2017-10-03 00:01:51
24,11,21.0625858,52.2404404,2017-10-03 00:01:52
26,6,21.0524082,52.247310600000006,2017-10-03 00:01:52
9,32,20.9880028,52.2241478,2017-10-03 00:01:55
9,33,21.0839691,52.2451172,2017-10-03 00:01:52
9,37,20.9437122,52.17584229999999,2017-10-03 00:01:53
26,2,20.9371891,52.300399799999994,2017-10-03 00:01:43
26,1,20.9231625,52.25969310000001,2017-10-03 00:01:52
10,7,21.0220165,52.1896439,2017-10-03 00:01:54
35,11,20.9247627,52.2602272,2017-10-03 00:01:51
9,31,20.9584255,52.1904984,2017-10-03 00:00:02
9,36,20.9701195,52.2037086,2017-10-03 00:01:54
35,13,20.968612699999998,52.2651672,2017-10-03 00:01:54
15,8,21.0244827,52.1902008,2017-10-03 00:01:51
25,4,21.0168133,52.230911299999995,2017-10-02 18:19:08
17,6,20.9588661,52.3105354,2017-10-02 19:30:33
35,3,21.0196915,52.1730042,2017-10-03 00:01:52
2,3,20.9299641,52.2917099,2017-10-03 00:01:54
2,5,20.941833499999998,52.3341331,2017-10-03 00:01:53
11,1,20.9690781,52.2339973,2017-10-03 00:01:52
10,13,20.9121895,52.2390289,2017-10-03 00:01:50
11,2,20.9724464,52.232769,2017-10-02 08:33:33
20,2,20.9719696,52.2375526,2017-10-03 00:01:51
35,8,21.0064697,52.2381325,2017-06-14 21:19:44
15,12,20.9512672,52.288948100000006,2017-10-03 00:02:02
24,12,21.118848800000002,52.2382278,2017-10-03 00:02:04
35,8,20.9314404,52.2790909,2017-10-03 00:02:01
24,017,20.938188600000004,52.2752037,2017-10-03 00:02:04
18,2,21.004875199999997,52.2407227,2017-10-02 19:27:37
22,016,20.9286156,52.2996635,2017-10-03 00:02:04
6,3,20.9306488,52.299747499999995,2017-10-02 18:49:49
18,3,21.0011616,52.188018799999995,2017-10-02 10:19:12
33,020,20.9203491,52.282264700000006,2017-10-03 00:02:03
33,10,21.0075817,52.2075157,2017-10-02 08:51:35
33,12,20.9996719,52.1876183,2017-09-05 23:30:07
9,12,20.944622,52.1763763,2017-10-03 00:02:03
24,2,21.0424385,52.236232799999996,2017-10-03 00:02:00
7,10,21.053772,52.256092100000004,2017-10-02 15:56:44
26,3,20.970624899999997,52.2343674,2017-10-03 00:02:03
9,020,21.083374,52.2445717,2017-10-03 00:02:03
9,019,21.1188202,52.2381516,2017-10-03 00:02:03
10,023,20.9698372,52.2316742,2017-10-03 00:02:03
15,4,20.9747562,52.208965299999996,2017-10-03 00:02:00
15,015,20.984794600000004,52.219020799999996,2017-10-02 09:29:06
4,12,21.004385,52.188804600000005,2017-10-03 00:02:02
4,8,21.0178738,52.3056641,2017-06-01 17:19:00
15,014,21.001205399999996,52.187767,2017-09-29 17:48:35
9,014,20.943821,52.176101700000004,2017-10-03 00:02:05
9,017,21.036420800000002,52.2349815,2017-10-03 00:02:02
9,015,20.976205800000002,52.2107849,2017-10-03 00:02:03
23,4,21.033298499999997,52.25641629999999,2017-10-02 12:32:59
22,4,20.985096,52.22074129999999,2017-08-16 22:42:14
18,9,21.0277767,52.278141,2017-08-17 08:40:49
9,34,21.0248451,52.232665999999995,2017-10-03 00:02:05
25,10,21.0557709,52.2570419,2017-10-02 19:25:40
15,2,21.0203629,52.2115364,2017-10-03 00:02:01
4,14,21.0114956,52.2302055,2017-10-03 00:02:02
35,1,21.0139027,52.226280200000005,2017-10-03 00:02:05
24,7,21.010273,52.229595200000006,2017-10-03 00:02:03
1,11,20.9725971,52.2720909,2017-10-03 00:02:03
24,11,21.061586399999996,52.2402344,2017-10-03 00:02:02
26,6,21.0524082,52.247310600000006,2017-10-03 00:02:03
9,32,20.987646100000003,52.2237473,2017-10-03 00:02:02
9,33,21.083768799999998,52.2448387,2017-10-03 00:02:02
9,37,20.9437122,52.17584229999999,2017-10-03 00:02:03
26,2,20.9358463,52.2996407,2017-10-03 00:02:04
26,1,20.9231625,52.25969310000001,2017-10-03 00:02:02
10,7,21.0213165,52.189563799999995,2017-10-03 00:02:04
35,11,20.9247627,52.2602272,2017-10-03 00:02:02
9,31,20.9584255,52.1904984,2017-10-03 00:00:02
9,36,20.971183800000002,52.2049141,2017-10-03 00:02:04
35,13,20.968612699999998,52.2651672,2017-10-03 00:01:54
15,8,21.0244827,52.1902008,2017-10-03 00:02:01
25,4,21.0168133,52.230911299999995,2017-10-02 18:19:08
17,6,20.9588661,52.3105354,2017-10-02 19:30:33
35,3,21.0198479,52.1734352,2017-10-03 00:02:03
2,3,20.9299412,52.2917213,2017-10-03 00:02:04
2,5,20.941833499999998,52.334129299999994,2017-10-03 00:02:03
11,1,20.9690742,52.2340012,2017-10-03 00:02:02
10,13,20.9122047,52.2390289,2017-10-03 00:02:05
11,2,20.9724464,52.232769,2017-10-02 08:33:33
20,2,20.971998199999998,52.2375298,2017-10-03 00:02:01
35,8,21.0064697,52.2381325,2017-06-14 21:19:44
15,12,20.9499645,52.2902565,2017-10-03 00:02:17
24,12,21.118848800000002,52.2382278,2017-10-03 00:02:14
35,8,20.930542000000003,52.279438,2017-10-03 00:02:17
24,017,20.9380474,52.2755394,2017-10-03 00:02:14
18,2,21.004875199999997,52.2407227,2017-10-02 19:27:37
22,016,20.9286156,52.2996635,2017-10-03 00:02:14
6,3,20.9306488,52.299747499999995,2017-10-02 18:49:49
18,3,21.0011616,52.188018799999995,2017-10-02 10:19:12
33,020,20.920494100000003,52.282829299999996,2017-10-03 00:02:18
33,10,21.0075817,52.2075157,2017-10-02 08:51:35
33,12,20.9996719,52.1876183,2017-09-05 23:30:07
9,12,20.944650699999997,52.1764717,2017-10-03 00:02:13
24,2,21.045045899999998,52.2367668,2017-10-03 00:02:16
7,10,21.053772,52.256092100000004,2017-10-02 15:56:44
26,3,20.9700985,52.23424910000001,2017-10-03 00:02:14
9,020,21.0847645,52.2445679,2017-10-03 00:02:18
9,019,21.118822100000003,52.238143900000004,2017-10-03 00:02:18
10,023,20.9698372,52.2316742,2017-10-03 00:02:13
15,4,20.9760609,52.2105713,2017-10-03 00:02:16
15,015,20.984794600000004,52.219020799999996,2017-10-02 09:29:06
4,12,21.003944399999998,52.188770299999995,2017-10-03 00:02:11
4,8,21.0178738,52.3056641,2017-06-01 17:19:00
15,014,21.001205399999996,52.187767,2017-09-29 17:48:35
9,014,20.943821,52.176101700000004,2017-10-03 00:02:15
9,017,21.0361061,52.2349205,2017-10-03 00:02:17
9,015,20.9754848,52.209838899999994,2017-10-03 00:02:14
23,4,21.033298499999997,52.25641629999999,2017-10-02 12:32:59
22,4,20.985096,52.22074129999999,2017-08-16 22:42:14
18,9,21.0277767,52.278141,2017-08-17 08:40:49
9,34,21.0271454,52.2331314,2017-10-03 00:02:15
25,10,21.0557709,52.2570419,2017-10-02 19:25:40
15,2,21.0211029,52.2097206,2017-10-03 00:02:17
4,14,21.0114956,52.2302055,2017-10-03 00:02:13
35,1,21.013320899999997,52.2272491,2017-10-03 00:02:15
24,7,21.008453399999997,52.2292023,2017-10-03 00:02:13
1,11,20.9718895,52.27223970000001,2017-10-03 00:02:17
24,11,21.058231399999997,52.2395554,2017-10-03 00:02:18
26,6,21.0524082,52.247310600000006,2017-10-03 00:02:13
9,32,20.9868202,52.222808799999996,2017-10-03 00:02:16
9,33,21.0830612,52.244674700000004,2017-10-03 00:02:18
9,37,20.9437122,52.17584229999999,2017-10-03 00:02:14
26,2,20.9358463,52.2996407,2017-10-03 00:02:04
26,1,20.9231796,52.259704600000006,2017-10-03 00:02:07
10,7,21.020198800000003,52.189430200000004,2017-10-03 00:02:14
35,11,20.9247627,52.2602272,2017-10-03 00:02:17
9,31,20.95187,52.1835709,2017-10-03 00:02:13
9,36,20.9717789,52.205600700000005,2017-10-03 00:02:14
35,13,20.9659004,52.265911100000004,2017-10-03 00:02:15
15,8,21.0244827,52.19017410000001,2017-10-03 00:02:17
25,4,21.0168133,52.230911299999995,2017-10-02 18:19:08
17,6,20.9588661,52.3105354,2017-10-02 19:30:33
35,3,21.020563100000004,52.1753578,2017-10-03 00:02:18
2,3,20.9299278,52.291729,2017-10-03 00:02:14
2,5,20.9418392,52.3341331,2017-10-03 00:02:13
10,13,20.9127483,52.2390671,2017-10-03 00:02:15
11,2,20.9724464,52.232769,2017-10-02 08:33:33
20,2,20.972000100000002,52.2374649,2017-10-03 00:02:16
35,8,21.0064697,52.2381325,2017-06-14 21:19:44
15,12,20.9498177,52.29041289999999,2017-10-03 00:02:27
24,12,21.118848800000002,52.2382278,2017-10-03 00:02:26
35,8,20.9302139,52.2795525,2017-10-03 00:02:27
24,017,20.9371796,52.276199299999995,2017-10-03 00:02:25
18,2,21.004875199999997,52.2407227,2017-10-02 19:27:37
22,016,20.9286156,52.2996635,2017-10-03 00:02:25
6,3,20.9306488,52.299747499999995,2017-10-02 18:49:49
18,3,21.0011616,52.188018799999995,2017-10-02 10:19:12
33,020,20.9212799,52.2834625,2017-10-03 00:02:28
33,10,21.0075817,52.2075157,2017-10-02 08:51:35
33,12,20.9996719,52.1876183,2017-09-05 23:30:07
9,12,20.9452991,52.17747120000001,2017-10-03 00:02:24
24,2,21.0468082,52.2371254,2017-10-03 00:02:26
7,10,21.053772,52.256092100000004,2017-10-02 15:56:44
26,3,20.9696712,52.2341652,2017-10-03 00:02:24
9,020,21.084920899999997,52.2445526,2017-10-03 00:02:29
9,019,21.118824,52.238143900000004,2017-10-03 00:02:28
10,023,20.9698372,52.2316742,2017-10-03 00:02:24
15,4,20.9766922,52.2112389,2017-10-03 00:02:27
15,015,20.984794600000004,52.219020799999996,2017-10-02 09:29:06
4,12,21.003944399999998,52.188770299999995,2017-10-03 00:02:11
4,8,21.0178738,52.3056641,2017-06-01 17:19:00
15,014,21.001205399999996,52.187767,2017-09-29 17:48:35
9,014,20.943821,52.176101700000004,2017-10-03 00:02:26
9,017,21.035205800000004,52.2347336,2017-10-03 00:02:29
9,015,20.9745579,52.2087822,2017-10-03 00:02:29
23,4,21.033298499999997,52.25641629999999,2017-10-02 12:32:59
22,4,20.985096,52.22074129999999,2017-08-16 22:42:14
18,9,21.0277767,52.278141,2017-08-17 08:40:49
9,34,21.0293694,52.233589200000004,2017-10-03 00:02:25
25,10,21.0557709,52.2570419,2017-10-02 19:25:40
15,2,21.021373699999998,52.209159899999996,2017-10-03 00:02:28
4,14,21.0114956,52.2302055,2017-10-03 00:02:29
35,1,21.0129623,52.227855700000006,2017-10-03 00:02:26
24,7,21.0060787,52.2286835,2017-10-03 00:02:29
1,11,20.9709358,52.272338899999994,2017-10-03 00:02:28
24,11,21.056280100000002,52.2391205,2017-10-03 00:02:29
26,6,21.051320999999998,52.2473679,2017-10-03 00:02:29
9,32,20.986755399999996,52.222744,2017-10-03 00:02:26
9,33,21.0828724,52.2446289,2017-10-03 00:02:27
9,37,20.9437122,52.17584229999999,2017-10-03 00:02:24
26,2,20.935211199999998,52.2992592,2017-10-03 00:02:25
26,1,20.9239063,52.2602921,2017-10-03 00:02:28
10,7,21.0189953,52.189220399999996,2017-10-03 00:02:29
35,11,20.9247627,52.2602272,2017-10-03 00:02:27
9,31,20.951704,52.1834335,2017-10-03 00:02:29
9,36,20.9718323,52.2056389,2017-10-03 00:02:29
35,13,20.9647408,52.2662468,2017-10-03 00:02:26
15,8,21.024189,52.189819299999996,2017-10-03 00:02:27
25,4,21.0168133,52.230911299999995,2017-10-02 18:19:08
17,6,20.9588661,52.3105354,2017-10-02 19:30:33
35,3,21.0209694,52.176452600000005,2017-10-03 00:02:27
2,3,20.929908800000003,52.291729,2017-10-03 00:02:29
2,5,20.9418411,52.3341331,2017-10-03 00:02:28
10,13,20.9133053,52.2386055,2017-10-03 00:02:25
11,2,20.9724464,52.232769,2017-10-02 08:33:33
20,2,20.972045899999998,52.2372856,2017-10-03 00:02:26
35,8,21.0064697,52.2381325,2017-06-14 21:19:44
15,12,20.949340799999998,52.2908974,2017-10-03 00:02:37
24,12,21.118848800000002,52.2382278,2017-10-03 00:02:35
35,8,20.929533,52.2797852,2017-10-03 00:02:38
24,017,20.9359188,52.277145399999995,2017-10-03 00:02:35
18,2,21.004875199999997,52.2407227,2017-10-02 19:27:37
22,016,20.9286156,52.2996635,2017-10-03 00:02:35
6,3,20.9306488,52.299747499999995,2017-10-02 18:49:49
18,3,21.0011616,52.188018799999995,2017-10-02 10:19:12
33,10,21.0075817,52.2075157,2017-10-02 08:51:35
33,12,20.9996719,52.1876183,2017-09-05 23:30:07
9,12,20.9469128,52.178978,2017-10-03 00:02:40
24,2,21.0486412,52.2374954,2017-10-03 00:02:37
7,10,21.053772,52.256092100000004,2017-10-02 15:56:44
26,3,20.9696331,52.2341652,2017-10-03 00:02:34
9,020,21.084932300000002,52.2445526,2017-10-03 00:02:39
9,019,21.118824,52.238143900000004,2017-10-03 00:02:38
10,023,20.969881100000002,52.2316742,2017-10-03 00:02:40
15,4,20.977151899999996,52.211765299999996,2017-10-03 00:02:37
15,015,20.984794600000004,52.219020799999996,2017-10-02 09:29:06
4,12,21.0035725,52.188762700000005,2017-10-03 00:02:38
4,8,21.0178738,52.3056641,2017-06-01 17:19:00
15,014,21.001205399999996,52.187767,2017-09-29 17:48:35
9,014,20.943821,52.176101700000004,2017-10-03 00:02:36
9,017,21.035205800000004,52.2347336,2017-10-03 00:02:29
9,015,20.974556,52.2087822,2017-10-03 00:02:35
23,4,21.033298499999997,52.25641629999999,2017-10-02 12:32:59
22,4,20.985096,52.22074129999999,2017-08-16 22:42:14
18,9,21.0277767,52.278141,2017-08-17 08:40:49
9,34,21.030664399999996,52.233852399999996,2017-10-03 00:02:35
25,10,21.0557709,52.2570419,2017-10-02 19:25:40
15,2,21.0213928,52.209129299999994,2017-10-03 00:02:38
4,14,21.0116138,52.2299995,2017-10-03 00:02:39
35,1,21.0124226,52.22874829999999,2017-10-03 00:02:36
24,7,21.005378699999998,52.2285309,2017-10-03 00:02:34
1,11,20.969488100000003,52.272731799999995,2017-10-03 00:02:38
24,11,21.055511499999998,52.238948799999996,2017-10-03 00:02:34
26,6,21.049516699999998,52.2474556,2017-10-03 00:02:39
9,32,20.986755399999996,52.222744,2017-10-03 00:02:37
9,33,21.08181,52.2443771,2017-10-03 00:02:38
9,37,20.9437122,52.17584229999999,2017-10-03 00:02:40
26,2,20.935211199999998,52.2992592,2017-10-03 00:02:25
26,1,20.9242725,52.2605896,2017-10-03 00:02:39
10,7,21.0179863,52.1890907,2017-10-03 00:02:39
35,11,20.9247627,52.2602272,2017-10-03 00:02:38
9,31,20.9508076,52.182601899999995,2017-10-03 00:02:39
9,36,20.9718361,52.2056351,2017-10-03 00:02:39
35,13,20.964094199999998,52.26643370000001,2017-10-03 00:02:36
